id_venda,id_cliente,data_compra(a/m/d),hora_compra(h/m/s),id_local_partida_ida,id_local_destino_ida,id_local_partida_volta,id_local_destino_volta,empresa_onibus_ida,empresa_onibus_volta,valor_ticket,qtd_tickets_compra
bc02d5245bec63b30ff1102fa273fc03f58bc9cc3f674ef1fee010c95dcbbab9,cliente73819,2018-12-26,15:33:35,São Paulo,50e9a8665b62c8d68bccc77c7c92431a1aa26ccbd38ed4bba8dd7422a3a4ab70,0,0,8527a891e224136950ff32ca212b45bc93f69fbb801c3b1ebedac52775f99e61,1,89.09,1
5432f12612dd5d749b3be880e779989cf63b5efa4bcc4e76c53e661b07ed7fb8,cliente197294,2018-12-05,15:07:57,10e4e7caf8b078429bb1c80b1a10118ac6f963eff098fd25a66c78862ae5ebce,e6d41d208672a4e50b86d959f4a6254975e6fb9b0881166af52c9fe3b5825de2,0,0,36ebe205bcdfc499a25e6923f4450fa8d48196ceb4fa0ce077d9d8ec4a36926d,1,155.97,1
fb3caed9b2f1b6016d45ccddb19095476e61a2c85faa8ec869b8b02d6c729858,cliente160,2018-12-21,18:41:54,Rio de Janeiro,8c1f1046219ddd216a023f792356ddf127fce372a72ec9b4cdac989ee5b0b455,0,0,ec2e990b934dde55cb87300629cedfc21b15cd28bbcf77d8bbdc55359d7689da,1,121.99,1
4dc44a6dd592b702feccb493d192210c86965aee68452989fa44926bd8e0a421,cliente111673,2018-12-06,14:01:38,Curitiba,d6acb3c1a79e57bcc03d976cb4d98f56edccd4cf426392e8cd4b01b965ab808b,0,0,5f9c4ab08cac7457e9111a30e4664920607ea2c115a1433d7be98e97e64244ca,1,55.22,1
aa34ed7fd0a6b405df2df1bf9f8d68e6df9b9a868a6181f2a990463e6eec11d3,cliente257693,2021-02-23,20:08:25,Rio de Janeiro,Manaus,0,0,48449a14a4ff7d79bb7a1b6f3d488eba397c36ef25634c111b49baf362511afc,1,45.31,1
948356b25b90c0c87c147cead27483c481edda1dacc4c8c7d8d1ddde6b61738a,cliente111733,2021-02-11,22:25:15,Floarinópolis,482d9673cfee5de391f97fde4d1c84f9f8d6f2cf0784fcffb958b4032de7236c,0,0,1dfacb2ea5a03e0a915999e03b5a56196f1b1664d2f768d1b7eff60ac059789d,1,154.2,1
2ee9d0978acb5e113d0b3f846ab3f88c5a426321da8f8752145e5a725d73c1c6,cliente80012,2021-02-19,19:11:40,Belo Horizonte,Barueri,0,0,1d0ebea552eb43d0b1e1561f6de8ae92e3de7f1abec52399244d1caed7dbdfa6,1,188.99,1
92c004fb7013d0b6cc363bf860b63ebcb4ab8827f4c2b20212fb6792a813aa9e,cliente19119,2020-12-03,09:16:29,Rio de Janeiro,a3af7b3808c4cf72478d05c9bab9c0d47e31c1d2cb3a29e7481669f7ea278c4e,0,0,3068430da9e4b7a674184035643d9e19af3dc7483e31cc03b35f75268401df77,1,232.96,1
bca8674d4af2f864efd8207b49612927ffffa9a74eb5fc5920ccec274e8247b2,cliente49531,2020-12-04,08:28:26,6b51d431df5d7f141cbececcf79edf3dd861c3b4069f0b11661a3eefacbba918,Curitiba,0,0,35135aaa6cc23891b40cb3f378c53a17a1127210ce60e125ccf03efcfdaec458,1,23.3,1
929cd361c225ec5d3510e14e8582fdcc61a24383cdb7a70c708ff3d643e60e4a,cliente20030,2021-07-02,11:41:19,90b5bc7f03c840b2efddb22ffdfc37dd12cb391b49aa0fc8751726c04d32ff30,f6103ca1e01bd200a9258a366b7e8c22a542e771bf11a0679967a5bb47ef3688,0,0,c6f3ac57944a531490cd39902d0f777715fd005efac9a30622d5f5205e7f6894,1,61.55,1
f08c3f551a19f1ce13525825dbf0d0ce9c3492da92bbb29405d86d1abf454f78,cliente9487,2022-07-14,10:16:52,20ca98162ba780883712eb701c84e4c06f73aba78e903935a9ad799193b4627f,a77b6cbdf6fae1676369dea1e1ea675e4c2400c9e43bd535fdfd9395cb48cbaa,0,0,96061e92f58e4bdcdee73df36183fe3ac64747c81c26f6c83aada8d2aabb1864,1,55.46,1
490f708f362e424df4d32bf56a6b9b17e013b29dc04d8103eb0c3b9bfabff8e3,cliente112358,2022-07-05,12:35:35,Rio de Janeiro,Manaus,0,0,48449a14a4ff7d79bb7a1b6f3d488eba397c36ef25634c111b49baf362511afc,1,47.7,1
17812b21f6135be002d24fad99d3544126cc571bfbffec926aebcaef119ff2d7,cliente462909,2016-09-11,11:05:18,Brasília,a8fd7dc0e1bf71874f7bae013d89b07da30f44bdb001c6e44071388ce6fa380f,0,0,5d389f5e2e34c6b0bad96581c22cee0be36dcf627cd73af4d4cccacd9ef40cc3,1,181.83,1
f27f543dd5a6207cf6949dc713ad73717f8cdeccebaf2b5f2dd4b2e636881628,cliente5192,2021-10-20,15:54:36,Rio de Janeiro,Manaus,0,0,48449a14a4ff7d79bb7a1b6f3d488eba397c36ef25634c111b49baf362511afc,1,42.7,1
0d9270305b3b09404418092ed4a1c01d887974fe9d6015649c942641524a3c61,cliente8303,2019-12-15,16:24:31,Curitiba,Uberlândia,0,0,dbae772db29058a88f9bd830e957c695347c41b6162a7eb9a9ea13def34be56b,1,46.76,1
209ce6090edeeb8a4fbb1d0ee028630921f5d6288f442e74cb328e133cbac51f,cliente257713,2021-04-29,23:57:52,Curitiba,Uberlândia,0,0,dbae772db29058a88f9bd830e957c695347c41b6162a7eb9a9ea13def34be56b,1,49.97,1
7fdcd3e03f08ecea34edbe57ac88e0c8c2ef2645eceb402121391d7afff97d50,cliente80012,2021-04-09,09:25:08,Belo Horizonte,Barueri,0,0,1d0ebea552eb43d0b1e1561f6de8ae92e3de7f1abec52399244d1caed7dbdfa6,1,187.57,1
f9ec485f27461cea087118d5eae5968bc84a11f41ee2bfb862c146fc567398d4,cliente779,2021-03-05,06:28:56,Araraquara,a4ecdd704d258aa841bb3f9a1e3b0cafc59bd88810e542f8e7a0519809d78fe7,0,0,2747b7c718564ba5f066f0523b03e17f6a496b06851333d2d59ab6d863225848,1,67.14,1
e4000fb46bbfef08aa1d866c70deb3ad40cf3ea13ea0591e712a249fdee61aff,cliente24626,2021-03-03,09:44:07,São Paulo,São José dos Campos,0,0,4a44dc15364204a80fe80e9039455cc1608281820fe2b24f1e5233ade6af1dd5,1,39.83,1
e7ceaf112e5763de7124307e0aabe7bda863c51606ed1de33a6f453792fe9b9c,cliente110147,2022-07-30,13:17:10,0f95db90112a9f3f54f856c168caedb1adfff74d62bde915cfae1d54acac1231,Porto Alegre,0,0,71ee45a3c0db9a9865f7313dd3372cf60dca6479d46261f3542eb9346e4a04d6,1,283.85,1
73c9b214cb088e8f7bb02a4ba9606d8b55c7d6c77db1812a214b6cd75361fa0e,cliente51525,2022-07-29,17:29:28,7e07ae1a0cd3da38f7e619aacacec577992e62944683b47726c201890e98d2a3,Barueri,0,0,620c9c332101a5bae955c66ae72268fbcd3972766179522c8deede6a249addb7,1,115.46,1
431ef2295f42b234a1da5c389a33c30a4c00507e369fec71710efee4c97ad070,cliente257715,2024-03-28,21:28:04,39fa9ec190eee7b6f4dff1100d6343e10918d044c75eac8f9e9a2596173f80c9,Rio de Janeiro,0,0,b4bbe448fde336bb6a7d7d765f36d3327c772b845e7b54c8282aa08c9775ddd7,1,64.65,1
4f70deccb329b8d28997cc7291525e2ede94f1b684f826a73f52b0739a2fd625,cliente11241,2019-12-25,17:42:37,c75cb66ae28d8ebc6eded002c28a8ba0d06d3a78c6b5cbf9b2ade051f0775ac4,São Paulo,0,0,35135aaa6cc23891b40cb3f378c53a17a1127210ce60e125ccf03efcfdaec458,1,126.49,1
77d99a3d8b93b777c618fe6fedd9e91a1dedf8515b84726c553aed5ac49760a1,cliente20030,2020-12-16,23:34:59,90b5bc7f03c840b2efddb22ffdfc37dd12cb391b49aa0fc8751726c04d32ff30,f6103ca1e01bd200a9258a366b7e8c22a542e771bf11a0679967a5bb47ef3688,0,0,c6f3ac57944a531490cd39902d0f777715fd005efac9a30622d5f5205e7f6894,1,59.98,1
858d6670f44b12e18e111d173a276a4aa83b33607c5c474e44582c8061c3b7ba,cliente13471,2020-12-11,11:04:39,Curitiba,7d2371aaf1df1dcb6d0614043748cef2e190b46734cd0b1c48ae6fd337217d6f,0,0,5a39cadd1b007093db50744797c7a04a34f73b35ed444704206705b02597d6fd,1,86.83,1
1abaf00e317b85d19192d594f672f7119e5b9d0deab8ac153d69fa4ea5342f4d,cliente462908,2020-12-15,20:10:20,Brasília,a8fd7dc0e1bf71874f7bae013d89b07da30f44bdb001c6e44071388ce6fa380f,a8fd7dc0e1bf71874f7bae013d89b07da30f44bdb001c6e44071388ce6fa380f,fbb2a73b0bacf3953186a92029e3e9b130373a9ff1449407e6125b3481f4f0ca,5d389f5e2e34c6b0bad96581c22cee0be36dcf627cd73af4d4cccacd9ef40cc3,5d389f5e2e34c6b0bad96581c22cee0be36dcf627cd73af4d4cccacd9ef40cc3,464.89,2
1583b8c593388ea15056127cd636eaaba3fa52a6b20591ec52bae58b7c0b7711,cliente462907,2020-12-09,19:54:42,Curitiba,06b2d82840e43ed8432b3f444de18b57dbe60637c99379c708aa8e66de83dbc1,0,0,bc52dd634277c4a34a2d6210994a9a5e2ab6d33bb4a3a8963410e00ca6c15a02,1,563.01,3
95211f0ff7dbf171fcf31216e7cf51458f02d08ff72dbef7623ae582c88e8504,cliente113782,2019-07-02,12:48:39,Belo Horizonte,Curitiba,0,0,a46e37632fa6ca51a13fe39a567b3c23b28c2f47d8af6be9bd63e030e214ba38,1,165.2,1
a6338b86562d29d36a2ed1517f1ca8bce07d7c383b05763219d9640224f6341b,cliente462906,2019-07-05,18:39:11,Belém,673a620c399f28257798d26d037c352676c031573a2b52b266f5f70f32fec994,0,0,86e50149658661312a9e0b35558d84f6c6d3da797f552a9657fe0558ca40cdef,1,41.48,1
a2dce7f30826c89ebb3683104ce50b3d38ae53c446236c021b5caa23bb00fc1e,cliente49049,2021-07-03,17:27:56,Brasília,df156e8465ff477c90a1393a0ab5947e448ed696ac0d3ea982480f5c237a29e1,0,0,5d389f5e2e34c6b0bad96581c22cee0be36dcf627cd73af4d4cccacd9ef40cc3,1,332.64,2
d8150613c618913240f137447c568ed3ce5539e5108a61168c897f01f91d3ba9,cliente257753,2021-07-22,16:16:54,São Paulo,São José dos Campos,0,0,4a44dc15364204a80fe80e9039455cc1608281820fe2b24f1e5233ade6af1dd5,1,39.88,1
a6f6c915f7c59cae92406f4daefd1439636e0a63f119b282c211a0e5e1e3018b,cliente111733,2021-07-02,21:59:41,Floarinópolis,482d9673cfee5de391f97fde4d1c84f9f8d6f2cf0784fcffb958b4032de7236c,0,0,1dfacb2ea5a03e0a915999e03b5a56196f1b1664d2f768d1b7eff60ac059789d,1,271.93,1
6440e0f81b646d4f1b1ac410a3a6f61af8e52d99c2784ef9e122e6f2122ea2a6,cliente18074,2020-12-21,02:10:36,Curitiba,Uberlândia,0,0,dbae772db29058a88f9bd830e957c695347c41b6162a7eb9a9ea13def34be56b,1,48.7,1
2f2768b8160e519c95ff7232915d92b589ce90160f5a5ab9d10a7217099e3dce,cliente257715,2020-12-20,12:51:06,39fa9ec190eee7b6f4dff1100d6343e10918d044c75eac8f9e9a2596173f80c9,Rio de Janeiro,0,0,b4bbe448fde336bb6a7d7d765f36d3327c772b845e7b54c8282aa08c9775ddd7,1,56.79,1
0c2304d350d04a08a9300295619882e10c34e67cfe5668961e52fb8a90220488,cliente114614,2019-02-27,10:51:56,Santa Maria,Passo Fundo,0,0,7902699be42c8a8e46fbbb4501726517e86b22c56a189f7625a6da49081b2451,1,84.1,1
a0555186335a8bbac55a63bf5432b5ab7768743818ffef1332a58695156d6449,cliente462905,2019-02-07,19:27:14,Porto Alegre,Campinas,0,0,68519a9eca55c68c72658a2a1716aac3788c289859d46d6f5c3f14760fa37c9e,1,177.36,1
d07f20bec1356f459d5d86e65733e6f5bf94455ba117dc96c366e6c0c8169107,cliente257757,2019-02-26,00:39:16,Rio de Janeiro,Manaus,0,0,48449a14a4ff7d79bb7a1b6f3d488eba397c36ef25634c111b49baf362511afc,1,45.73,1
5f9d76ff2483cafb4a5fe0b925261b8356ba5110fbb691eb37e3b315b7a474f6,cliente3960,2023-01-20,19:00:32,274dfec6e079fb08d6b5771537c54d3f0bd36c64c3d8ed0a4e6d2f201b489274,São Paulo,0,0,8527a891e224136950ff32ca212b45bc93f69fbb801c3b1ebedac52775f99e61,1,76.7,1
31a37e80b1e8974a563745572dd70441179df920973c81931db9f7a8241eb441,cliente257763,2017-09-21,21:07:50,Rio de Janeiro,9cfd3c755be26b4e1645918e2a64a26e3d851ede421e0b257f783b443bc443d1,0,0,d6d824abba4afde81129c71dea75b8100e96338da5f416d2f69088f1960cb091,1,113.9,1
ac13565134372ff62684db6991a3a0071e3e1fc16a268cedfb6a170e5529832d,cliente24445,2017-05-02,23:32:51,Dourados,Rio de Janeiro,0,0,d6d824abba4afde81129c71dea75b8100e96338da5f416d2f69088f1960cb091,1,72.69,1
366660b656e56340b0dc6186f4f237c2a32371c333231dc1f88bfa802f441fd4,cliente257768,2019-01-18,19:27:59,São José do Rio Preto,c8c9cad7b920b50f713830b8dc55f59fffbbad98335d9f30e0bca8fab5dfeedd,0,0,620c9c332101a5bae955c66ae72268fbcd3972766179522c8deede6a249addb7,1,427.16,1
12ac5f0a9305f27f43165cbd9fe2ad865894ef7b74eca0d623e30c21e015f7d1,cliente462904,2024-01-01,11:44:48,Londrina,8590ac062555493444893ec5871609dffedf8cf684d93f7533bc52ffc5611dc8,0,0,37834f2f25762f23e1f74a531cbe445db73d6765ebe60878a7dfbecd7d4af6e1,1,275.35,1
0e9ededf62e97eda49a7a98763abb3dbe968b8e6256ac0abf8e5695c59125f40,cliente3960,2024-01-11,11:35:58,274dfec6e079fb08d6b5771537c54d3f0bd36c64c3d8ed0a4e6d2f201b489274,São Paulo,0,0,8527a891e224136950ff32ca212b45bc93f69fbb801c3b1ebedac52775f99e61,1,88.5,1
bafdd786a1e1e2715c853d1f47056516419ef0a2f2345a43ff50af98fdb21a32,cliente257747,2019-12-16,19:51:29,afcf8bc077e68eb94dfe783205f32cabdeead61fd32ff5710947b6111ff2ff77,Araraquara,0,0,c6f3ac57944a531490cd39902d0f777715fd005efac9a30622d5f5205e7f6894,1,108.16,1
01a5ef96a6a0c0734895aa4e8d16b1ce8408f1903f76e4090a86d9a223381a21,cliente462903,2020-01-29,00:54:46,Curitiba,Uberlândia,0,0,dbae772db29058a88f9bd830e957c695347c41b6162a7eb9a9ea13def34be56b,1,97.73,2
4cb67ed3f61589c44dca5dced78352e181cf23cbe158a539fd05f0c6c2ece349,cliente8303,2020-01-01,10:46:12,Curitiba,Uberlândia,0,0,dbae772db29058a88f9bd830e957c695347c41b6162a7eb9a9ea13def34be56b,1,46.76,1
72cb2185a553c28be5f80a4783c06ac62c15db595e0ac5b00a825f47a6167ac0,cliente8846,2023-08-25,20:05:58,Araraquara,5088c1bc42f5cc6a32cdb92d7524ea06febe006baac86a0fc8986a8ee00602bc,0,0,226f76b55acb49701e06ded1d95165d179458f6fc37f5c6fc760ae30dec1c378,1,137.82,1
9e94ba9a61eb75309a4ec2799e90895418691d50014744e684061c828c9a7441,cliente111029,2024-02-17,12:15:56,Curitiba,Uberlândia,0,0,dbae772db29058a88f9bd830e957c695347c41b6162a7eb9a9ea13def34be56b,1,67.67,1
4824e62b14cb8d55a2b2afd1cff5a56c65600865d5c54dd2f3bcf809e46c3a11,cliente462902,2020-11-30,12:59:47,Porto Alegre,Campinas,0,0,38b2d03f3256502b1e9db02b2d12aa27a46033ffe6d8c0ef0f2cf6b1530be9d8,1,188.75,1
9180895486a918231fadf753b3c2b87260b112e667a1b09297e419edfab20944,cliente1065,2020-12-06,21:17:33,São Paulo,50e9a8665b62c8d68bccc77c7c92431a1aa26ccbd38ed4bba8dd7422a3a4ab70,0,0,8527a891e224136950ff32ca212b45bc93f69fbb801c3b1ebedac52775f99e61,1,97.75,1
4ada4e1f9cf3c644a1a3e30a847c216eafa3781f4bddb22f6a7051612df31663,cliente111961,2017-05-21,18:05:05,Belo Horizonte,Barueri,0,0,5d389f5e2e34c6b0bad96581c22cee0be36dcf627cd73af4d4cccacd9ef40cc3,1,175.51,1
a474348db18243cd93180e97992afd8269abf67dc7661064c3fa88ba9c4350b7,cliente11169,2023-11-25,18:57:13,f391e014b2ee3a42955272b8fc78634de1d5833e0cacb412b180376f9c756e49,São Paulo,0,0,d6061bbee6cf13bd73765faaea7cdd0af1323e4b125342ac346047f7c4bda1fc,1,82.6,1
ffad96e5a527d6a1d00b2777cbfd2943e7f6b010e348600c72cadd34742e8f36,cliente8289,2022-04-27,21:32:51,a7f0b84de7a450eaf6ffab449cb0f141b69eb701ffb455f375c3dae4277b25c1,Itajaí,0,0,2747b7c718564ba5f066f0523b03e17f6a496b06851333d2d59ab6d863225848,1,74.34,1
67b7c06bfc0a4e246536b862ac4604bab6beb61b53b8b414a96e8dc07f45a5b6,cliente462900,2022-04-04,20:45:31,Porto Alegre,7c4e3e519f7e8481ec5cdb09dd1e35a1a79860ea1d440673c9aecb9c9057148a,0,0,96061e92f58e4bdcdee73df36183fe3ac64747c81c26f6c83aada8d2aabb1864,1,274.73,1
fc4732586931d94498fa896d083ee0f956dde41ee76679a28b0ef5f8d0f82eaa,cliente79011,2022-04-22,18:29:16,fda3f9dbfd08f12e44bf1279fcb909ac6179fbcc69bc95af0f03cc7093aa4eb6,4c15f47afe7f817fd559e12ddbc276f4930c5822f2049088d6f6605bec7cea56,0,0,1d0ebea552eb43d0b1e1561f6de8ae92e3de7f1abec52399244d1caed7dbdfa6,1,26.3,1
62d0692f059739e2dfe3ed6b418ff7276d0fed9083c89bf0c8bfa23c64155323,cliente112926,2022-04-24,09:31:07,32396038fca01cb69d2c44b0964624d1fe461c9780cffc7f95582a8aa977c2a1,Belo Horizonte,0,0,37c20f19f3272b5ccc3a5d80587eb9deb3f4afcf568c4280fb195568da8eb1a2,1,208.44,2
686e0ca2ab22fe6c1e11a8387ec079534a75fe4297962f4923769547034a48fa,cliente16449,2022-04-14,19:04:00,São Paulo,4f97f2eebf92cde58c103466712fa2f65b10d06ff8f1934d78ff592fa0575e27,0,0,4a44dc15364204a80fe80e9039455cc1608281820fe2b24f1e5233ade6af1dd5,1,32.05,1
dece771bbc04a66d33545fb7f5795c65d28a9d986ad2cb06a7a7ea293e66364f,cliente112153,2023-03-23,15:47:00,ca9ceb6158f6b3bb85d1dd150d647de101e584146cf45e2a54009a96a9863db0,São Paulo,0,0,96061e92f58e4bdcdee73df36183fe3ac64747c81c26f6c83aada8d2aabb1864,1,258.72,1
70adcabcff818c647554391a3b36f354d920302907c73171f6f5f512718b2adf,cliente109951,2023-03-29,16:21:21,São Paulo,bfabb6cf02daa6bf1d9e91c5d141f55e38b8460af403bc0a43726a8eab475855,0,0,96061e92f58e4bdcdee73df36183fe3ac64747c81c26f6c83aada8d2aabb1864,1,82.69,1
cb448eeb86ab1038334b4c0ad619b8fc1d41fc8484cfd8b325cd23bec895204b,cliente257581,2023-03-02,21:49:09,Salvador,João Pessoa,0,0,35135aaa6cc23891b40cb3f378c53a17a1127210ce60e125ccf03efcfdaec458,1,41.73,1
510ce3c7b998c629aa5fb9be2d15013891d5760b86fc9c8e85af5c0166aad6f4,cliente110387,2018-08-09,19:26:20,Goiânia,Campinas,0,0,59e19706d51d39f66711c2653cd7eb1291c94d9b55eb14bda74ce4dc636d015a,1,47.2,1
82f94bf39bbd077fb0987f8677c1cb8b5a80840079c94484efa644aacc04cf48,cliente462891,2023-01-12,22:24:33,56f4da26ed956730309fa1488611ee0f13b0ac95ebb1bc9b5d210e31ff70e79c,Lages,0,0,6f4b6612125fb3a0daecd2799dfd6c9c299424fd920f9b308110a2c1fbd8f443,1,31.76,1
c5761665f195794c64c90b6f049159897a347b63ccc46c663810bcfed8a6e658,cliente50014,2023-01-12,20:59:15,Goiânia,Campinas,0,0,f369cb89fc627e668987007d121ed1eacdc01db9e28f8bb26f358b7d8c4f08ac,1,115.39,1
60d85b2464932a295d20d87d715bbbde571d827160b3d8b974f625fb65b72042,cliente26245,2023-01-02,10:59:26,556d7dc3a115356350f1f9910b1af1ab0e312d4b3e4fc788d2da63668f36d017,São José dos Campos,0,0,4a44dc15364204a80fe80e9039455cc1608281820fe2b24f1e5233ade6af1dd5,1,139.83,2
57a9a29266b718f2e1e343677684e6f64f328790984b5fb536db1a48859ce107,cliente80086,2022-06-26,16:46:05,Aparecida de Goiânia,São Paulo,0,0,5f9c4ab08cac7457e9111a30e4664920607ea2c115a1433d7be98e97e64244ca,1,242.89,2
a5ee68f8b96b74fd36edd7ba4bbc78df1d9acb7dceaffad4b9d8ede4cda74978,cliente113843,2022-06-23,11:04:23,a7f0b84de7a450eaf6ffab449cb0f141b69eb701ffb455f375c3dae4277b25c1,Itajaí,0,0,2747b7c718564ba5f066f0523b03e17f6a496b06851333d2d59ab6d863225848,1,165.2,2
d85fc20d0eafef68c9ebbb7ab295c2986fdc257afa932b3febe9e467f3e888c0,cliente462899,2022-06-09,16:17:54,São Paulo,0359bdb72fa3b3ee4adfdfcae848c4b5cc3c889bc7400efc01051e9cd67482c9,0,0,1dfacb2ea5a03e0a915999e03b5a56196f1b1664d2f768d1b7eff60ac059789d,1,410.61,1
7169a1f6ba05ea5da9529a8920b1af4e71835b8638c94b04614c6bb8d3bb7f3f,cliente462898,2018-08-15,22:01:27,São Paulo,eef79a6a04f78a54832c8891ed83f4863850ec0a7d9807e9b6ac208d23a1e59c,0,0,8527a891e224136950ff32ca212b45bc93f69fbb801c3b1ebedac52775f99e61,1,123.19,2
94e65f9d8dd71e7127b28b4cbf1a540fd6759daff6b3eac640488b32a6f6e94a,cliente75918,2018-08-12,13:10:29,Ponta Grossa,be6b5b7140b02bff9ad8fa5aaaeca5973791521c5029c9f6b42390f8b87ce2bd,0,0,2fca346db656187102ce806ac732e06a62df0dbb2829e511a770556d398e1a6e,1,72.61,1
bc27466dd8cec553fdafdb0d972eb28749b407c0511c356667c80cce6c8e31f8,cliente462897,2024-01-10,16:43:46,Brasília,3d734d729009b74c011651eb24b06a74151fb99b8da5110295da8bb77ec3f92d,0,0,06b2d82840e43ed8432b3f444de18b57dbe60637c99379c708aa8e66de83dbc1,1,57.64,1
1bb645ffa5782d1b92a58f729844b7a0d77369aef7dd8a8c8b063401f337f281,cliente75898,2024-01-16,23:14:22,Salvador,João Pessoa,0,0,35135aaa6cc23891b40cb3f378c53a17a1127210ce60e125ccf03efcfdaec458,1,40.0,1
12f5789045a0d87b26c5ae8c787641271ad1d4a28174b28b436588c915313855,cliente462896,2024-03-23,15:30:15,Brasília,3d734d729009b74c011651eb24b06a74151fb99b8da5110295da8bb77ec3f92d,0,0,06b2d82840e43ed8432b3f444de18b57dbe60637c99379c708aa8e66de83dbc1,1,53.85,1
7be0b9dec3d60d7fd18b0b7da8fac0b4c86722bb60b8a280cc86cdd2f333beab,cliente462895,2024-03-14,15:04:28,e0e3fcdfb0803ca538910c12042cb6232acb9e3c6db8908524aea6ed560e5334,Brasília,0,0,59e19706d51d39f66711c2653cd7eb1291c94d9b55eb14bda74ce4dc636d015a,1,389.39,1
a409d8ed2ac24f1420120c36dc6c79617cd03803ab87ef6e02016986d79957a8,cliente462894,2024-03-22,22:53:59,São Paulo,4f97f2eebf92cde58c103466712fa2f65b10d06ff8f1934d78ff592fa0575e27,0,0,4a44dc15364204a80fe80e9039455cc1608281820fe2b24f1e5233ade6af1dd5,1,40.45,1
3d4b364744bffb412a9a9b212a3c6ace991a92c3971bb87df1469e8ab26437b9,cliente116618,2019-04-21,10:10:49,Goiânia,Campinas,0,0,59e19706d51d39f66711c2653cd7eb1291c94d9b55eb14bda74ce4dc636d015a,1,117.76,2
ee7bcf847922229206ecaf083ef3b404b63828180e81bc83ab2f1291aaeb4dfc,cliente462893,2023-03-06,19:44:25,25b7c81e770034aeda70db74af0fb638beca992d2a535641e6313f38b9665016,Brasília,0,0,3068430da9e4b7a674184035643d9e19af3dc7483e31cc03b35f75268401df77,1,360.21,2
44ac0df54e460f5fd6c68f9cfc19b40dfba39277070bf9e689b046201a9e6dde,cliente103900,2023-03-10,22:08:26,Belo Horizonte,1bee34b6262a7777362f96e3dd5635764e820f97bab9772f492397774a38d74a,0,0,6f4b6612125fb3a0daecd2799dfd6c9c299424fd920f9b308110a2c1fbd8f443,1,65.66,1
b74c4b5b4a841aba826df5f282cfaad29cf0fd7c688fc407050db7842356d444,cliente462892,2023-03-26,10:31:02,Porto Alegre,ed6f2060379b3b2192ea06e51b6e771f0ef931e9efc702f767da99869d4e67f7,0,0,8cd2510271575d8430c05368315a87b9c4784c7389a47496080c1e615a2a00b6,1,119.95,1
1a3a7fa2a4dc6a8943bb5de2b566000bad98d7c1a94d63a01770710d0b2c2d52,cliente462910,2015-10-05,11:17:43,Goiânia,Campinas,0,0,f6e0a1e2ac41945a9aa7ff8a8aaa0cebc12a3bcc981a929ad5cf810a090e11ae,1,57.71,1
5f87c4426fd6734e388241ad8382a49d1cb9db4a5eef9843fb4ca0aa473cf212,cliente462911,2016-02-25,20:38:46,3fdba35f04dc8c462986c992bcf875546257113072a909c162f7e470e581e278,São Paulo,0,0,35135aaa6cc23891b40cb3f378c53a17a1127210ce60e125ccf03efcfdaec458,1,118.05,1
18917993709dcffa540a7f5985e2c4588ad374f8f1d92d2f213d4f682719d79d,cliente49327,2019-11-18,11:21:47,Goiânia,Campinas,0,0,59e19706d51d39f66711c2653cd7eb1291c94d9b55eb14bda74ce4dc636d015a,1,60.37,1
3a2c9ab0908db5e7e109442786ab9dc3abeeacc152a81c04bb189e98d7072c72,cliente2582,2019-08-08,23:43:22,São Paulo,eef79a6a04f78a54832c8891ed83f4863850ec0a7d9807e9b6ac208d23a1e59c,0,0,8527a891e224136950ff32ca212b45bc93f69fbb801c3b1ebedac52775f99e61,1,66.84,1
81b262c76734015adb51af154f7d6aee0b3d43a355f233acc1380928f28563a9,cliente257649,2019-08-17,21:49:16,Goiânia,Campinas,0,0,f6e0a1e2ac41945a9aa7ff8a8aaa0cebc12a3bcc981a929ad5cf810a090e11ae,1,67.25,1
186aa8e8b48bfeeb37549a6c6b9c0613ccd8ff68ce6a873fea5bd1c40c604cc3,cliente7139,2023-07-18,18:45:57,Salvador,João Pessoa,0,0,35135aaa6cc23891b40cb3f378c53a17a1127210ce60e125ccf03efcfdaec458,1,45.02,1
087f3471b9f06ec66c21311c4c116a13fc03286378bfda61b58ce67d3417a9e5,cliente257653,2023-07-11,18:26:06,32396038fca01cb69d2c44b0964624d1fe461c9780cffc7f95582a8aa977c2a1,Belo Horizonte,0,0,37c20f19f3272b5ccc3a5d80587eb9deb3f4afcf568c4280fb195568da8eb1a2,1,120.47,1
dc5c60d2bfa409b12f98d8623b56ee44b7c0b6189ffb7f7f289c4ad6a4e7919c,cliente115531,2023-07-25,19:37:37,Vitória da Conquista,Curitiba,0,0,eb3be230bbd2844b1f5d8f2e4fab9ffba8ab22cfeeb69c4c1361993ba4f377b9,1,88.85,1
d46282fa36923f5a520ae1433e01d14bbbe12b29a6f1c9df008e1d7c72feda8b,cliente257638,2015-12-16,15:59:05,São José dos Campos,João Pessoa,0,0,35135aaa6cc23891b40cb3f378c53a17a1127210ce60e125ccf03efcfdaec458,1,121.36,2
178ed15cda4918a98b89bc86b4ba0c4e9e0dce6cec2ddb2a5419eed6ea02483e,cliente103117,2024-02-21,20:31:03,b7a56873cd771f2c446d369b649430b65a756ba278ff97ec81bb6f55b2e73569,Caxias do Sul,0,0,35135aaa6cc23891b40cb3f378c53a17a1127210ce60e125ccf03efcfdaec458,1,63.29,1
3d2048344d653fe3cf7c9d9cdf9d83e94bd2e4f515f0ebcfb58fa75ca016c692,cliente462912,2021-07-31,17:08:43,Salvador,João Pessoa,0,0,7f2253d7e228b22a08bda1f09c516f6fead81df6536eb02fa991a34bb38d9be8,1,34.75,1
8c283a052a5fc51deb5153bd87fd928af721680c97b71dc5c05e8477763043e2,cliente11251,2021-08-13,09:21:52,São Paulo,482d9673cfee5de391f97fde4d1c84f9f8d6f2cf0784fcffb958b4032de7236c,0,0,1d0ebea552eb43d0b1e1561f6de8ae92e3de7f1abec52399244d1caed7dbdfa6,1,377.59,1
1107df95581c41954e39410f495c335566fa1f76343a187c73842d7e52ec2407,cliente115555,2021-08-27,22:42:32,São Paulo,4f97f2eebf92cde58c103466712fa2f65b10d06ff8f1934d78ff592fa0575e27,0,0,4a44dc15364204a80fe80e9039455cc1608281820fe2b24f1e5233ade6af1dd5,1,97.02,4
e3daa51ecbac584fc565211405007c7803fee47520570faabb24f4ca3c343d76,cliente462913,2021-08-04,23:27:13,52f14fc33ef45dd80ac2626077948f44d8d211d5f24bf9db333c9403968e634a,de0023e398111d43424845aaeee2e119249cc0567e7b585eaba5f44080b458c6,0,0,d6a4031733610bb080d0bfa794fcc9dbdcff74834aeaab7c6b927e21e9754037,1,271.2,1
32477ad946d0ca3083e9b44951395a9baf464920f3bc3b5dc99647ef8025a03d,cliente37184,2019-11-08,00:27:08,Vitória da Conquista,Curitiba,0,0,eb3be230bbd2844b1f5d8f2e4fab9ffba8ab22cfeeb69c4c1361993ba4f377b9,1,64.9,1
37e5adeb981f5999ddb78f126e0f752f56a7e45801cc35fa78aa481201c63ca5,cliente26064,2019-11-25,20:38:22,São Paulo,0359bdb72fa3b3ee4adfdfcae848c4b5cc3c889bc7400efc01051e9cd67482c9,0,0,1dfacb2ea5a03e0a915999e03b5a56196f1b1664d2f768d1b7eff60ac059789d,1,389.11,1
02949732c3bcbc4d2b3466ebbad4067e86300518ec6e21040a69978d6202fa8d,cliente462930,2019-02-04,11:17:52,São Paulo,482d9673cfee5de391f97fde4d1c84f9f8d6f2cf0784fcffb958b4032de7236c,0,0,1d0ebea552eb43d0b1e1561f6de8ae92e3de7f1abec52399244d1caed7dbdfa6,1,254.97,1
18e2e8a0169fe61841975f2696515b7c619954bcdb91848cffd86676986faf5b,cliente257927,2016-11-30,22:04:41,Araraquara,70fa656aa0391eb9ef7bbc9c7e6771ec09e7d5d7ab1fcbbde2480d21263ee79a,0,0,2747b7c718564ba5f066f0523b03e17f6a496b06851333d2d59ab6d863225848,1,82.08,2
55b94d3c47cea9c7d76fc3ede4c646a787fe504e0dd5dd3a5fdbefbb9a8a72f3,cliente23294,2023-05-07,20:51:57,Caruaru,ddc10a5906f8c0ea77bac646567f9680f2b6f989f35485f0cc65b7b5a223d32c,0,0,210e3b160c355818509425b9d9e9fd3ea2e287f2c43a13e5be8817140db0b9e6,1,80.16,1
12ad209a699f2f349933492bd9e31801ef6ea793e4bf8308e819b2c16282b35a,cliente257938,2019-02-23,15:32:10,Rio de Janeiro,efd96aedf377e20afd95285a7c751a864260bd6a149656a4040c5b7757bdbbb6,0,0,d6d824abba4afde81129c71dea75b8100e96338da5f416d2f69088f1960cb091,1,94.79,1
cb0175d35dce318535bf85ab2e963ddbcca2bc3580cd8e706a9772af2eb2e94e,cliente462929,2019-02-11,10:33:36,Salvador,João Pessoa,0,0,e7f6c011776e8db7cd330b54174fd76f7d0216b612387a5ffcfb81e6f0919683,1,33.1,1
9e8ded88b4af1f524ca88cc36aa8fca10fa368f2a06ac3d84c830622529b1218,cliente23192,2018-04-18,08:19:11,São Paulo,6fef307f9c8a3fb0ad69aea55b3d9c74c652a858c61b235e70ce2e2d490eb34c,0,0,6e4001871c0cf27c7634ef1dc478408f642410fd3a444e2a88e301f5c4a35a4d,1,174.88,1
